LAD19CD,LAD19NM,mean_imd_rank,mean_imd_score,unweighted_mean_imd_rank,median_imd_rank,population_total,lsoa_count,most_deprived_10_lsoa_count,most_deprived_10_lsoa_pct,most_deprived_20_lsoa_count,most_deprived_20_lsoa_pct
E07000223,Adur,17849.08154141611,17.59389002927935,17774.97619047619,18760.5,63526,42,0,0.0,1,2.380952380952381
E07000026,Allerdale,15016.195956839885,22.938103166728677,15163.966666666667,15193.5,96756,60,7,11.666666666666666,12,20.0
E07000032,Amber Valley,18089.506296904692,17.969648798595678,18042.589743589742,17922.5,124188,78,3,3.8461538461538463,8,10.256410256410255
E07000224,Arun,17287.94469019426,18.63834735073113,17267.010638297874,18096.0,155307,94,4,4.25531914893617,10,10.638297872340425
E07000170,Ashfield,12520.916634972527,26.307633621143093,12486.364864864865,11654.0,123577,74,12,16.216216216216218,21,28.37837837837838
E07000105,Ashford,17360.37310051835,18.545545478729835,17247.78205128205,17610.0,124047,78,1,1.282051282051282,10,12.82051282051282
E07000004,Aylesbury Vale,23843.731898123955,11.1832519917663,24008.869565217392,25765.0,187522,115,0,0.0,1,0.8695652173913043
E07000200,Babergh,20505.946295884314,14.26682001112347,20405.222222222223,21179.5,89900,54,0,0.0,0,0.0
E09000002,Barking and Dagenham,7293.147315867474,32.768189807041814,7244.5,6376.5,203101,110,4,3.6363636363636362,60,54.54545454545454
E09000003,Barnet,19041.64337157913,16.148218737624674,19287.450236966826,20414.0,378778,211,1,0.47393364928909953,7,3.3175355450236967
E08000016,Barnsley,10994.807471180506,29.932711400637885,10996.142857142857,8841.0,239855,147,32,21.768707482993197,58,39.455782312925166
E07000027,Barrow-in-Furness,11617.967078432532,31.116931186831373,11460.489795918367,9724.0,67676,49,12,24.489795918367346,20,40.816326530612244
E07000066,Basildon,15100.397134393326,23.24338964886151,15487.927272727273,13030.0,181951,110,12,10.909090909090908,26,23.636363636363637
E07000084,Basingstoke and Deane,22317.44904783756,12.823105477801995,22468.92660550459,23948.0,174340,109,0,0.0,1,0.9174311926605505
E07000171,Bassetlaw,14967.315717287522,22.588079074388304,14626.971428571429,14605.5,113741,70,5,7.142857142857142,15,21.428571428571427
E06000022,Bath and North East Somerset,23584.903471216094,11.745261553989158,23317.591304347825,25357.0,184287,115,2,1.7391304347826086,5,4.3478260869565215
E06000055,Bedford,17553.952039754302,18.93225773518388,17450.077669902912,18256.0,166221,103,4,3.8834951456310676,14,13.592233009708737
E09000004,Bexley,19315.288526199838,16.273359227186276,19696.109589041094,21124.0,242387,146,0,0.0,9,6.164383561643835
E08000025,Birmingham,7525.456825241278,38.067007829687,7752.449139280126,4791.0,1112305,639,264,41.31455399061033,360,56.33802816901409
E07000129,Blaby,24106.36309337995,10.628682618467877,23774.65,23994.5,96102,60,0,0.0,0,0.0
E06000008,Blackburn with Darwen,9025.395946055622,36.01257638513148,9192.494505494506,5122.0,147856,91,33,36.26373626373626,51,56.043956043956044
E06000009,Blackpool,6079.710584894622,45.038551297784,5885.340425531915,4585.0,140162,94,39,41.48936170212766,55,58.51063829787234
E07000033,Bolsover,12404.244465264319,25.046826546196595,12545.395833333334,11594.5,77917,48,2,4.166666666666666,11,22.916666666666664
E08000001,Bolton,11709.575166413557,30.691097179840188,12005.4802259887,8173.0,281828,177,42,23.728813559322035,75,42.3728813559322
E07000136,Boston,13588.696769445654,22.967301503386754,13713.138888888889,11506.5,66583,36,1,2.7777777777777777,4,11.11111111111111
E06000058,"Bournemouth, Christchurch and Poole",18024.272926585298,18.173310446188047,18284.04721030043,19140.0,390889,233,9,3.862660944206009,26,11.158798283261802
E06000036,Bracknell Forest,24549.21325447758,10.241226030787299,24498.426666666666,25776.0,119205,75,0,0.0,0,0.0
E08000032,Bradford,9758.183647587468,34.66625901196311,10199.258064516129,7050.5,529879,310,104,33.5483870967742,146,47.096774193548384
E07000067,Braintree,20128.853278416263,14.723522473925463,20081.919540229886,19672.0,150530,87,0,0.0,2,2.2988505747126435
E07000143,Breckland,16010.976251418906,19.614194514307762,15965.871794871795,16169.5,134787,78,1,1.282051282051282,7,8.974358974358974
E09000005,Brent,11761.983746749815,25.557941049891326,12034.70520231214,12061.0,323443,173,10,5.780346820809249,33,19.07514450867052
E07000068,Brentwood,24786.95921626114,10.007034579793986,24755.08695652174,26511.0,76403,46,0,0.0,0,0.0
E06000043,Brighton and Hove,16635.962544838825,20.761177788807807,16575.8,17451.0,284073,165,15,9.090909090909092,29,17.575757575757574
E06000023,"Bristol, City of",13423.28815910988,26.36302594482036,13542.152091254753,11746.0,450456,263,41,15.5893536121673,79,30.038022813688215
E07000144,Broadland,22805.10458357683,11.816581168164516,22861.285714285714,23617.0,126626,84,0,0.0,0,0.0
E09000006,Bromley,21547.551332142648,14.16333426682201,21707.984771573603,24247.0,325303,197,1,0.5076142131979695,13,6.598984771573605
E07000234,Bromsgrove,23442.705231324948,11.696548984606338,23499.396551724138,25624.5,95234,58,0,0.0,1,1.7241379310344827
E07000095,Broxbourne,17430.913478211212,17.989346097538185,17751.98214285714,17914.0,96311,56,0,0.0,3,5.357142857142857
E07000172,Broxtowe,21145.280175612723,14.23820325116017,20958.25352112676,21871.0,111837,71,0,0.0,4,5.633802816901409
E07000117,Burnley,8444.741823474136,37.793384038871444,8735.833333333334,5644.0,87262,60,23,38.333333333333336,31,51.66666666666667
E08000002,Bury,15032.563342705604,23.68160029394849,15383.258333333333,16119.5,187788,120,12,10.0,27,22.5
E08000033,Calderdale,13139.116382462758,26.350965385503677,12981.390625,12451.5,207832,128,20,15.625,39,30.46875
E07000008,Cambridge,20262.696830662244,14.85525914232045,19797.17391304348,20058.0,125105,69,0,0.0,3,4.3478260869565215
E09000007,Camden,16081.721264615297,20.130583537363076,16247.744360902256,15302.0,243837,133,0,0.0,22,16.541353383458645
E07000192,Cannock Chase,15946.248197786577,20.42641686465631,15654.55,15241.0,98490,60,2,3.3333333333333335,9,15.0
E07000106,Canterbury,19091.74074143665,16.797480217708546,18476.922222222223,19699.0,159663,90,2,2.2222222222222223,13,14.444444444444443
E07000028,Carlisle,15382.003598220315,21.996888575419252,15225.941176470587,13685.5,108109,68,4,5.88235294117647,13,19.11764705882353
E07000069,Castle Point,18939.152045209903,16.841585867420164,18865.105263157893,19884.0,89184,57,1,1.7543859649122806,5,8.771929824561402
E06000056,Central Bedfordshire,23021.96995826313,12.151985507725174,23200.59872611465,25254.0,272421,157,0,0.0,3,1.910828025477707
E07000130,Charnwood,22136.218077605943,13.237586834278147,22146.303030303032,23469.0,175167,99,2,2.0202020202020203,4,4.040404040404041
E07000070,Chelmsford,22840.579749478078,12.220971938065414,23008.51401869159,23962.0,172440,107,0,0.0,1,0.9345794392523363
E07000078,Cheltenham,21844.117958350485,14.260484055509812,21866.52,25247.0,116592,75,2,2.666666666666667,8,10.666666666666668
E07000177,Cherwell,20965.427396314954,14.410383403491823,20883.31182795699,21179.0,144910,93,0,0.0,6,6.451612903225806
E06000049,Cheshire East,21464.276955816513,14.475167470575858,21700.17094017094,23617.5,375457,234,4,1.7094017094017095,18,7.6923076923076925
E06000050,Cheshire West and Chester,18982.035900691422,18.082550748767027,18877.27358490566,20426.0,333949,212,16,7.547169811320755,34,16.037735849056602
E07000034,Chesterfield,13684.31899332778,24.925672218871753,13778.550724637682,12235.0,104463,69,6,8.695652173913043,20,28.985507246376812
E07000225,Chichester,20526.00675813353,14.084918070366093,20451.563380281692,20239.0,117784,71,0,0.0,0,0.0
E07000005,Chiltern,27852.868891424227,6.952311265344067,27875.385964912282,30321.0,94662,57,0,0.0,0,0.0
E07000118,Chorley,19411.294494307247,16.86314095184992,19538.833333333332,22186.5,111194,66,3,4.545454545454546,8,12.121212121212121
E09000001,City of London,20424.482727680574,14.720484223119485,20275.166666666668,19240.0,6687,6,0,0.0,0,0.0
E07000071,Colchester,18888.965405914038,16.777951859222565,18653.819047619047,19072.0,184916,105,1,0.9523809523809524,11,10.476190476190476
E07000029,Copeland,13294.204197341587,25.011872994981125,12980.816326530612,12070.0,69139,49,3,6.122448979591836,11,22.448979591836736
E07000150,Corby,12961.959603510399,25.705585001569812,12284.146341463415,9371.0,66887,41,4,9.75609756097561,12,29.268292682926827
E06000052,Cornwall,13462.588515363912,23.07167844545443,13324.588957055215,12605.5,550283,326,17,5.214723926380368,43,13.190184049079754
E07000079,Cotswold,23496.106875672136,11.060759269649788,23618.176470588234,23491.0,85548,51,0,0.0,0,0.0
E06000047,County Durham,12638.102428036882,26.793214845236555,12317.79938271605,10170.0,517661,324,39,12.037037037037036,108,33.33333333333333
E08000026,Coventry,13412.924464401896,25.61258788572358,13739.502564102564,13184.0,344288,195,28,14.358974358974358,50,25.64102564102564
E07000163,Craven,21995.540232149895,12.760008239888224,21711.6875,21042.5,55826,32,0,0.0,2,6.25
E07000226,Crawley,16365.265423358915,18.94030057626232,16269.318181818182,13897.0,110887,66,1,1.5151515151515151,2,3.0303030303030303
E09000008,Croydon,14473.77182361144,22.477257841976478,14926.636363636364,13892.0,380070,220,5,2.272727272727273,39,17.727272727272727
E07000096,Dacorum,22009.849589948237,13.004143354896303,22246.244680851065,22667.0,150103,94,0,0.0,3,3.1914893617021276
E06000005,Darlington,14560.369695654636,25.657303090624353,14055.938461538462,12581.0,105998,65,12,18.461538461538463,21,32.30769230769231
E07000107,Dartford,17035.812790371965,18.81152114825511,17163.327586206895,16903.0,103531,58,1,1.7241379310344827,7,12.068965517241379
E07000151,Daventry,22107.68713156186,13.183472606664035,21956.909090909092,22854.0,78541,44,1,2.272727272727273,1,2.272727272727273
E06000015,Derby,13891.226532742492,26.32281416445101,14529.17880794702,12807.0,253875,151,24,15.894039735099339,51,33.77483443708609
E07000035,Derbyshire Dales,23033.515852299184,11.89506290124589,23092.81395348837,24271.0,70873,43,1,2.3255813953488373,1,2.3255813953488373
E08000017,Doncaster,11231.718727509227,30.288774517830852,11275.149484536083,8904.0,302902,194,46,23.711340206185564,78,40.20618556701031
E06000059,Dorset,19617.764296368623,15.734857118581434,19776.04109589041,19267.0,370741,219,6,2.73972602739726,11,5.0228310502283104
E07000108,Dover,14929.654787299685,22.161402949420868,14972.298507462687,14833.0,113446,67,5,7.462686567164178,12,17.91044776119403
E08000027,Dudley,14651.124470886509,24.10248570010527,15148.850746268658,13347.0,316331,201,22,10.945273631840797,52,25.870646766169152
E09000009,Ealing,13853.30318776595,22.709747302380293,14031.198979591836,13161.0,344285,196,4,2.0408163265306123,33,16.83673469387755
E07000009,East Cambridgeshire,23134.95984416117,11.506953897679505,23106.1,22876.0,87783,50,0,0.0,0,0.0
E07000040,East Devon,21951.72146263911,12.76445906200318,22003.185185185186,22304.0,138380,81,0,0.0,0,0.0
E07000085,East Hampshire,24608.424402244425,10.28387715470032,24518.25,26017.5,118694,72,0,0.0,0,0.0
E07000242,East Hertfordshire,26753.4621560268,8.188423696085488,26583.47619047619,27822.0,144488,84,0,0.0,0,0.0
E07000137,East Lindsey,10666.048360228293,29.89153743807399,10879.901234567902,9610.0,138068,81,13,16.049382716049383,29,35.80246913580247
E07000152,East Northamptonshire,21330.855085818326,13.896866454248729,21069.714285714286,22671.0,90074,49,0,0.0,2,4.081632653061225
E06000011,East Riding of Yorkshire,20749.916923837667,15.604539114815433,20628.628571428573,21665.5,335704,210,13,6.190476190476191,17,8.095238095238095
E07000193,East Staffordshire,17556.705058811283,19.028227889386212,17986.708333333332,18804.0,115284,72,3,4.166666666666666,13,18.055555555555554
E07000244,East Suffolk,17570.363020273304,19.560125780178222,17196.890410958906,16318.5,242733,146,10,6.8493150684931505,20,13.698630136986301
E07000061,Eastbourne,14856.542297757427,22.10972695784901,15040.672131147541,13274.0,102204,61,4,6.557377049180328,12,19.672131147540984
E07000086,Eastleigh,24822.441101901888,10.192133171030495,24970.12987012987,26616.0,128977,77,0,0.0,1,1.2987012987012987
E07000030,Eden,18156.929454503956,16.327965782866706,18237.333333333332,17195.5,52576,36,0,0.0,0,0.0
E07000207,Elmbridge,27210.109484630495,7.943852494128421,27159.11111111111,29646.0,135398,81,0,0.0,0,0.0
E09000010,Enfield,12426.353962730198,25.78137399083769,12698.51912568306,9993.0,328738,183,10,5.46448087431694,55,30.05464480874317
E07000072,Epping Forest,19914.740829555827,15.068371528690998,20239.653846153848,20832.0,129274,78,0,0.0,1,1.282051282051282
E07000208,Epsom and Ewell,26312.860054295874,8.833034578569698,26723.636363636364,29613.5,78459,44,0,0.0,0,0.0
E07000036,Erewash,18151.40056154302,18.81849783753619,18127.013698630137,19362.0,114684,73,4,5.47945205479452,11,15.068493150684931
E07000041,Exeter,19438.98738987047,16.2149470342696,19288.87837837838,20147.0,125534,74,0,0.0,6,8.108108108108109
E07000087,Fareham,26067.156717195394,9.019535387473738,25983.095890410958,28052.0,115182,73,0,0.0,0,0.0
E07000010,Fenland,11951.13371490149,25.426080200475777,11877.09090909091,10908.0,98366,55,4,7.2727272727272725,11,20.0
E07000112,Folkestone and Hythe,13507.546113366958,24.14902074873905,13539.089552238805,13611.0,109838,67,4,5.970149253731343,15,22.388059701492537
E07000080,Forest of Dean,16875.101057037456,18.01326559544079,16772.94,17478.0,84576,50,1,2.0,1,2.0
E07000119,Fylde,19765.508412430114,15.874918320114421,19611.019607843136,20378.0,76910,51,2,3.9215686274509802,4,7.8431372549019605
E08000037,Gateshead,12013.815698677401,28.216913976522378,12238.166666666666,9529.0,201724,126,21,16.666666666666664,40,31.746031746031743
E07000173,Gedling,20406.20417247852,14.89400433090527,20429.428571428572,21601.0,116142,77,1,1.2987012987012987,2,2.5974025974025974
E07000081,Gloucester,16537.92182843303,21.806558091987828,16389.48717948718,17365.5,127169,78,9,11.538461538461538,21,26.923076923076923
E07000088,Gosport,16050.102575598476,20.541237844661797,16463.075471698114,15653.0,84757,53,1,1.8867924528301887,8,15.09433962264151
E07000109,Gravesham,15551.226344416591,21.414084037270015,16007.375,16547.0,105715,64,2,3.125,12,18.75
E07000145,Great Yarmouth,10077.870668762358,33.09689619226284,10160.377049180328,9333.0,98615,61,15,24.59016393442623,23,37.704918032786885
E09000011,Greenwich,12461.248841669167,24.464209861000302,12654.51655629139,11892.0,273238,151,1,0.6622516556291391,33,21.85430463576159
E07000209,Guildford,25647.624927484183,9.39513981739827,25310.416666666668,27146.0,144796,84,0,0.0,2,2.380952380952381
E09000012,Hackney,7532.425990038194,32.52605075830337,7420.611111111111,7034.0,268626,144,16,11.11111111111111,63,43.75
E06000006,Halton,11098.838493043664,32.32484262028583,10692.784810126583,7063.0,126719,79,25,31.645569620253166,39,49.36708860759494
E07000164,Hambleton,22742.547549792394,11.987101150165419,22844.653846153848,22926.5,90074,52,0,0.0,0,0.0
E09000013,Hammersmith and Fulham,14201.584046791091,22.270272465665993,14202.601769911504,13706.0,181744,113,1,0.8849557522123894,20,17.699115044247787
E07000131,Harborough,26892.558095367294,8.014496020710393,26858.68085106383,27999.0,88458,47,0,0.0,0,0.0
E09000014,Haringey,10957.377866252129,27.955648523211472,11291.917241379311,9598.0,268251,145,14,9.655172413793103,48,33.10344827586207
E07000073,Harlow,14262.219816019218,21.413385140915214,14011.611111111111,12622.5,85335,54,0,0.0,1,1.8518518518518516
E07000165,Harrogate,23926.32634007854,10.896801614597663,24081.85576923077,23732.0,159916,104,1,0.9615384615384616,1,0.9615384615384616
E09000015,Harrow,19773.66412498278,15.03063191906587,19977.0,20044.0,246818,137,0,0.0,2,1.4598540145985401
E07000089,Hart,29560.926203718416,5.544381111287674,29401.736842105263,30810.0,94395,57,0,0.0,0,0.0
E06000001,Hartlepool,10263.020627473026,35.036692631192025,10395.965517241379,6175.0,92498,58,21,36.206896551724135,30,51.724137931034484
E07000062,Hastings,8999.634401818637,34.28096148449482,8860.924528301886,8378.0,91937,53,16,30.18867924528302,23,43.39622641509434
E07000090,Havant,16171.873085232533,21.8062772453339,16190.897435897436,17112.5,123122,78,6,7.6923076923076925,23,29.48717948717949
E09000016,Havering,18809.00380952381,16.78870866365915,19197.02,20074.0,249375,150,1,0.6666666666666667,10,6.666666666666667
E06000019,"Herefordshire, County of",16460.237171258526,18.88951891025981,16395.146551724138,15326.0,188522,116,1,0.8620689655172413,9,7.758620689655173
E07000098,Hertsmere,21175.489419040878,13.937791754316237,21120.74193548387,21427.5,103157,62,1,1.6129032258064515,1,1.6129032258064515
E07000037,High Peak,20086.97480414759,15.642041432208297,19897.762711864405,21025.0,91523,59,3,5.084745762711865,4,6.779661016949152
E09000017,Hillingdon,17329.968847110005,18.223070503553384,17705.3850931677,16368.0,296056,161,0,0.0,7,4.3478260869565215
E07000132,Hinckley and Bosworth,21602.91255306023,13.460977357899873,21580.590909090908,22989.0,108603,66,0,0.0,1,1.5151515151515151
E07000227,Horsham,24871.644453903624,9.889918698351655,25199.135802469136,26277.0,136258,81,0,0.0,0,0.0
E09000018,Hounslow,14192.466658395648,21.48743678497983,14338.802816901409,14130.5,265989,142,1,0.7042253521126761,12,8.450704225352112
E07000011,Huntingdonshire,22379.136603708594,12.550419673919285,22492.019047619047,23828.0,174190,105,0,0.0,2,1.9047619047619049
E07000120,Hyndburn,9547.477750177874,34.332791432102155,9739.057692307691,7446.0,80113,52,14,26.923076923076923,25,48.07692307692308
E07000202,Ipswich,12978.102415501038,25.890312250352228,13231.635294117646,12395.0,137694,85,12,14.117647058823529,28,32.94117647058823
E06000046,Isle of Wight,13390.683415274154,23.29406841938321,13356.404494382023,12656.0,138718,89,3,3.3707865168539324,12,13.48314606741573
E06000053,Isles of Scilly,22165.0,12.005,22165.0,22165.0,2335,1,0,0.0,0,0.0
E09000019,Islington,10354.76484104862,27.535320734245996,10296.512195121952,9162.0,226736,123,6,4.878048780487805,32,26.01626016260163
E09000020,Kensington and Chelsea,15667.455510785741,21.525501453442548,15419.339805825242,16091.0,158589,103,9,8.737864077669903,23,22.330097087378643
E07000153,Kettering,17766.45815275857,19.229647179960043,18504.508771929824,19489.0,97605,57,4,7.017543859649122,6,10.526315789473683
E07000146,King's Lynn and West Norfolk,13351.54101850444,23.72035306523162,13390.056179775282,13198.0,151261,89,7,7.865168539325842,13,14.606741573033707
E06000010,"Kingston upon Hull, City of",7622.248920701602,40.563967640425055,7693.698795180723,4597.5,258038,166,75,45.18072289156627,90,54.21686746987952
E09000021,Kingston upon Thames,23432.707853317715,11.381294821367177,23519.428571428572,24742.0,171609,98,0,0.0,1,1.0204081632653061
E08000034,Kirklees,13724.027722909519,25.151006725115803,13913.988416988417,12774.0,432855,259,31,11.96911196911197,78,30.115830115830118
E08000011,Knowsley,6645.254464831389,43.00618539066426,6473.6122448979595,3937.0,147262,98,46,46.93877551020408,62,63.26530612244898
E09000022,Lambeth,11493.621586488134,25.42222815805509,11294.58988764045,10620.5,320015,178,0,0.0,36,20.224719101123593
E07000121,Lancaster,15136.6644928156,24.164914834929867,14832.865168539325,15346.0,140304,89,13,14.606741573033707,21,23.595505617977526
E08000035,Leeds,13935.756498936978,27.300859717538355,14058.02489626556,14326.5,771857,482,114,23.651452282157674,162,33.60995850622407
E06000016,Leicester,9987.043565997412,30.876747428870505,10098.515625,8908.0,343915,192,39,20.3125,68,35.41666666666667
E07000063,Lewes,19485.338497643246,15.758048875320698,19504.854838709678,21316.0,100562,62,0,0.0,2,3.225806451612903
E09000023,Lewisham,10885.754446625242,26.660891264038185,10781.378698224851,9617.0,294999,169,5,2.9585798816568047,44,26.035502958579883
E07000194,Lichfield,22457.75044115917,12.566322036390728,22330.01724137931,23437.0,102004,58,0,0.0,2,3.4482758620689653
E07000138,Lincoln,12829.090549423163,26.88913969740709,12675.192982456141,11023.0,96301,57,10,17.543859649122805,19,33.33333333333333
E08000012,Liverpool,7011.429908509703,42.41172028441413,7023.402684563758,3455.0,479723,298,145,48.65771812080537,187,62.751677852349
E06000032,Luton,11980.963095968275,25.907532879797362,12621.247933884297,11723.0,213581,121,4,3.3057851239669422,33,27.27272727272727
E07000110,Maidstone,19205.41263039326,16.502573454870465,19503.715789473685,19154.0,163352,95,2,2.1052631578947367,6,6.315789473684211
E07000074,Maldon,20455.71194129632,14.168959060231758,20575.65,21163.5,62824,40,0,0.0,0,0.0
E07000235,Malvern Hills,19203.607728275718,16.06590884732584,19185.133333333335,19397.0,76136,45,1,2.2222222222222223,2,4.444444444444445
E08000003,Manchester,6427.246171228192,40.00451506947147,6598.627659574468,4259.5,529282,282,122,43.262411347517734,167,59.21985815602837
E07000174,Mansfield,12120.371914216146,28.503084959730288,12053.537313432837,8790.0,106780,67,10,14.925373134328357,27,40.298507462686565
E06000035,Medway,14257.09281645535,23.936348386062225,14440.9509202454,12726.0,274391,163,14,8.588957055214724,37,22.699386503067483
E07000133,Melton,22406.96188868828,12.532510636627679,22382.3,23050.5,50956,30,0,0.0,0,0.0
E07000187,Mendip,18314.423645320196,16.600390420860997,18237.348484848484,17880.0,112056,66,1,1.5151515151515151,2,3.0303030303030303
E09000024,Merton,20620.3734226689,14.649061267691113,20967.604838709678,21836.0,205965,124,0,0.0,3,2.4193548387096775
E07000042,Mid Devon,17807.26157925159,16.927565844035083,17468.39534883721,15839.0,79582,43,0,0.0,0,0.0
E07000203,Mid Suffolk,21464.58844300805,13.225204616412803,21330.910714285714,20717.0,100251,56,0,0.0,1,1.7857142857142856
E07000228,Mid Sussex,27278.264617829813,7.747182970356719,27282.325581395347,29060.0,145969,86,0,0.0,0,0.0
E06000002,Middlesbrough,9115.902727729524,40.460345718182474,9189.56976744186,3513.5,139310,86,42,48.837209302325576,49,56.97674418604651
E06000042,Milton Keynes,18493.99354330589,17.97972419985694,18513.565789473683,20138.5,262828,152,8,5.263157894736842,18,11.842105263157894
E07000210,Mole Valley,25397.07724941939,9.511189300742716,25788.85185185185,27910.0,86978,54,0,0.0,0,0.0
E07000091,New Forest,22062.709909357134,13.014539997210989,21970.070175438595,23349.0,179275,114,0,0.0,3,2.631578947368421
E07000175,Newark and Sherwood,17267.01776152208,19.226734654910516,17376.571428571428,17792.5,117839,70,3,4.285714285714286,10,14.285714285714285
E08000021,Newcastle upon Tyne,13072.305161574335,29.789563642679287,13043.365714285714,10858.0,290764,175,45,25.71428571428571,69,39.42857142857143
E07000195,Newcastle-under-Lyme,17318.900081189946,18.92915128918597,17065.6625,18444.5,126863,80,2,2.5,9,11.25
E09000025,Newham,8706.297331778953,29.576934950959693,8650.018292682927,8403.0,336254,164,4,2.4390243902439024,44,26.82926829268293
E07000043,North Devon,15754.757651706634,20.55942097661477,15572.068965517241,14789.5,94162,58,3,5.172413793103448,7,12.068965517241379
E07000038,North East Derbyshire,18733.88851205587,17.39950295501751,18963.984126984127,19667.0,99661,63,3,4.761904761904762,6,9.523809523809524
E06000012,North East Lincolnshire,12667.728682073626,31.33506928755837,12239.72641509434,9713.0,159971,106,32,30.18867924528302,40,37.735849056603776
E07000099,North Hertfordshire,23414.246529545402,11.627403530100068,23234.09756097561,24555.0,131611,82,0,0.0,2,2.4390243902439024
E07000139,North Kesteven,23381.007273634856,11.553116119658425,23256.921875,25367.0,112186,64,0,0.0,0,0.0
E06000013,North Lincolnshire,15644.616905024051,22.095774391644046,15797.346534653465,16116.0,169843,101,11,10.891089108910892,20,19.801980198019802
E07000147,North Norfolk,14163.351194997955,21.057617396131594,14165.032258064517,13678.5,102678,62,0,0.0,2,3.225806451612903
E06000024,North Somerset,21033.434588765416,15.82501851948881,20995.155555555557,22806.0,209941,135,8,5.9259259259259265,14,10.37037037037037
E08000022,North Tyneside,16019.945482796893,22.279117119250216,16157.847328244276,13924.0,202725,131,12,9.16030534351145,27,20.610687022900763
E07000218,North Warwickshire,17470.114809208953,17.90682813670039,17442.842105263157,18417.0,62765,38,1,2.631578947368421,2,5.263157894736842
E07000134,North West Leicestershire,20700.010834414716,14.573204515026058,20548.258620689656,21258.0,97098,58,2,3.4482758620689653,2,3.4482758620689653
E07000154,Northampton,14759.385940596741,23.357548773605775,14906.157894736842,13954.0,221503,133,12,9.022556390977442,31,23.308270676691727
E06000057,Northumberland,16066.728827322817,22.079397312634615,16157.842639593908,15887.0,315253,197,23,11.6751269035533,40,20.304568527918782
E07000148,Norwich,12470.158309793698,27.598930702703488,12152.469879518072,9884.0,137711,83,17,20.481927710843372,33,39.75903614457831
E06000018,Nottingham,8386.481197933343,34.891123760915555,8024.010989010989,5179.0,318582,182,56,30.76923076923077,104,57.14285714285714
E07000219,Nuneaton and Bedworth,14365.640371871124,23.540249377976824,14828.888888888889,12466.0,126603,81,5,6.172839506172839,17,20.98765432098765
E07000135,Oadby and Wigston,22442.626018148043,12.958279526293227,22231.916666666668,24689.5,55984,36,0,0.0,0,0.0
E08000004,Oldham,10384.904212478878,33.15488481170476,10891.113475177304,7799.0,230197,141,43,30.49645390070922,65,46.09929078014184
E07000178,Oxford,19210.207890586622,16.706607952635796,18989.87951807229,19224.0,154716,83,1,1.2048192771084338,10,12.048192771084338
E07000122,Pendle,10910.767617458994,30.723193149847095,11109.280701754386,9754.0,89925,57,18,31.57894736842105,22,38.59649122807017
E06000031,Peterborough,11986.088163481129,27.82085171822107,12215.732142857143,10154.0,192903,112,16,14.285714285714285,46,41.07142857142857
E06000026,Plymouth,12985.410963096723,26.6189827726045,13140.782608695652,11823.0,261386,161,28,17.391304347826086,47,29.19254658385093
E06000044,Portsmouth,12184.31026703018,26.899213329660206,12280.656,11994.0,210538,125,15,12.0,30,24.0
E07000123,Preston,11659.546047525118,29.53076156261794,11962.406976744185,8124.0,140431,86,16,18.6046511627907,37,43.02325581395349
E06000038,Reading,16719.259274834418,19.61862879017446,16551.39175257732,15379.0,161701,97,5,5.154639175257731,10,10.309278350515463
E09000026,Redbridge,17762.383001933355,17.203200142316266,18068.701863354036,17735.0,297928,161,0,0.0,5,3.1055900621118013
E06000003,Redcar and Cleveland,12496.601925748573,29.791705558511424,12470.977272727272,11973.0,135324,88,21,23.863636363636363,31,35.22727272727273
E07000236,Redditch,15501.702726919042,22.52386476226406,15635.4,14814.0,84821,55,5,9.090909090909092,14,25.454545454545453
E07000211,Reigate and Banstead,23779.798347615357,11.276083673797203,23706.95348837209,25682.0,143187,86,0,0.0,1,1.1627906976744187
E07000124,Ribble Valley,24143.851159452486,10.593864403014406,24478.225,26132.5,58519,40,0,0.0,0,0.0
E09000027,Richmond upon Thames,25685.811697677775,9.424622122972945,25694.460869565217,27732.0,194124,115,0,0.0,1,0.8695652173913043
E07000166,Richmondshire,22483.271226101017,12.13505652049843,22248.470588235294,22204.0,52565,34,0,0.0,0,0.0
E08000005,Rochdale,9430.785376344085,34.415039812996724,9892.111940298508,7698.5,213900,134,40,29.850746268656714,59,44.02985074626866
E07000075,Rochford,24723.206286975303,10.449120621654615,24637.735849056604,26973.0,85192,53,0,0.0,1,1.8867924528301887
E07000125,Rossendale,13908.907372727535,24.061505574922933,13356.976744186046,10790.0,69418,43,6,13.953488372093023,10,23.25581395348837
E07000064,Rother,16278.76492617392,19.767791323289554,16276.793103448275,15560.5,93192,58,2,3.4482758620689653,6,10.344827586206897
E08000018,Rotherham,11814.237685347354,29.55027032641063,11857.904191616766,10344.0,260929,167,36,21.55688622754491,59,35.32934131736527
E07000220,Rugby,21043.674500981284,14.119128983772917,21276.081967213115,21900.0,104455,61,0,0.0,2,3.278688524590164
E07000212,Runnymede,22788.571783226656,12.012295521931476,22526.5,23339.0,84992,52,0,0.0,0,0.0
E07000176,Rushcliffe,27755.262399746727,7.1802094413958075,27645.0,29536.5,113712,68,0,0.0,0,0.0
E07000092,Rushmoor,19615.149076350797,15.903380440493452,19886.775862068964,20723.0,95166,58,0,0.0,3,5.172413793103448
E06000017,Rutland,26538.198564086262,8.380933105494622,26156.869565217392,27558.0,37746,23,0,0.0,0,0.0
E07000167,Ryedale,18863.28920723018,15.66517550438761,18839.433333333334,17315.5,53332,30,0,0.0,0,0.0
E08000006,Salford,9611.439083139083,34.210067954852164,9775.513333333334,7506.5,244530,150,45,30.0,73,48.66666666666667
E08000028,Sandwell,7568.509233753576,34.884012541483735,7633.360215053764,5895.0,319101,186,37,19.892473118279568,112,60.215053763440864
E07000168,Scarborough,13089.349286236342,26.280355466328675,13137.295774647888,12826.0,108089,71,9,12.676056338028168,20,28.169014084507044
E07000188,Sedgemoor,15648.411782821851,21.305530360160144,15622.971428571429,16074.0,120141,70,4,5.714285714285714,13,18.571428571428573
E08000014,Sefton,13858.298567312222,27.035081356068382,13850.703703703704,14354.0,273821,189,38,20.105820105820104,59,31.216931216931215
E07000169,Selby,22489.162025169633,12.730271414487039,22550.28,24688.0,86215,50,1,2.0,1,2.0
E07000111,Sevenoaks,22519.595963271695,12.43710195066221,22377.797297297297,23036.0,118165,74,0,0.0,2,2.7027027027027026
E08000019,Sheffield,14102.280756249813,27.060131705954387,14221.733333333334,13917.0,569177,345,82,23.768115942028984,118,34.20289855072463
E06000051,Shropshire,17982.803541453362,17.153275112576107,17785.15025906736,16829.0,311567,193,2,1.0362694300518136,9,4.66321243523316
E06000039,Slough,13056.741902792424,22.9652581862255,13063.625,11970.0,146038,80,0,0.0,7,8.75
E08000029,Solihull,20334.685634195623,17.37031525750116,20075.83582089552,22471.5,210834,134,16,11.940298507462686,22,16.417910447761194
E07000246,Somerset West and Taunton,16762.031816562358,19.142321567098463,16555.727272727272,16227.5,148759,88,3,3.4090909090909087,8,9.090909090909092
E07000006,South Bucks,25201.46735538979,9.48082821360036,25094.8,25345.0,69307,40,0,0.0,0,0.0
E07000012,South Cambridgeshire,26324.970288954482,8.495506485940655,26193.927083333332,26928.5,154488,96,0,0.0,0,0.0
E07000039,South Derbyshire,20787.912549407116,14.494147838186658,20782.068965517243,22448.5,99176,58,0,0.0,3,5.172413793103448
E06000025,South Gloucestershire,23249.36665201143,11.659639708360812,23301.5696969697,24052.0,272940,165,0,0.0,2,1.2121212121212122
E07000044,South Hams,20787.927125792237,13.72366664703249,20973.122448979593,19328.0,84886,49,0,0.0,0,0.0
E07000140,South Holland,16941.856200339746,17.896494865472082,16790.73469387755,16621.0,91245,49,0,0.0,1,2.0408163265306123
E07000141,South Kesteven,21711.77542762025,13.498579898978303,21981.62962962963,23011.0,139376,81,1,1.2345679012345678,3,3.7037037037037033
E07000031,South Lakeland,22062.78385175763,12.501561459296946,22326.966101694914,22759.0,103776,59,0,0.0,0,0.0
E07000149,South Norfolk,21273.9618670874,13.31788865768794,20911.975308641977,21238.0,131199,81,0,0.0,0,0.0
E07000155,South Northamptonshire,27326.577716427626,7.651802201871927,27280.37254901961,27936.0,89106,51,0,0.0,0,0.0
E07000179,South Oxfordshire,26435.084051911854,8.458925659785733,26566.404494382023,28203.0,137772,89,0,0.0,0,0.0
E07000126,South Ribble,20434.44537539317,15.330010730728905,20209.35714285714,21612.5,109685,70,3,4.285714285714286,3,4.285714285714286
E07000189,South Somerset,17846.696888405535,17.347344921756996,17802.456310679612,17282.0,165510,103,1,0.9708737864077669,6,5.825242718446602
E07000196,South Staffordshire,21725.25762983869,13.123768637650684,21663.852941176472,22572.5,108423,68,0,0.0,0,0.0
E08000023,South Tyneside,10271.706333546585,31.509000760968384,10343.813725490196,7568.5,148495,102,25,24.509803921568626,46,45.09803921568628
E06000045,Southampton,12058.298544222,26.87612642753217,11886.256756756757,10710.0,246054,148,19,12.837837837837837,43,29.054054054054053
E06000033,Southend-on-Sea,16033.12459131638,22.374771488668443,16471.803738317758,14923.0,179234,107,9,8.411214953271028,23,21.49532710280374
E09000028,Southwark,11597.643625540635,25.81081300375445,11546.481927710844,9405.0,308434,166,5,3.0120481927710845,38,22.89156626506024
E07000213,Spelthorne,19948.68190245294,14.942642317252057,20010.083333333332,20382.5,98168,60,0,0.0,0,0.0
E07000240,St Albans,26597.247441650477,8.339150169644567,26593.172413793105,28912.0,146188,87,0,0.0,0,0.0
E08000013,St. Helens,11209.450954997972,31.518191917428712,11295.621848739496,9412.0,177592,119,29,24.369747899159663,50,42.016806722689076
E07000197,Stafford,21624.51343588337,13.677620328678202,21757.2125,23150.5,131253,80,0,0.0,4,5.0
E07000198,Staffordshire Moorlands,20254.26866677559,15.040029868883261,20127.050847457627,21910.0,97928,59,0,0.0,2,3.389830508474576
E07000243,Stevenage,15490.285173078923,19.694863188533017,15500.134615384615,15393.0,86579,52,0,0.0,2,3.8461538461538463
E08000007,Stockport,17444.34507875587,20.82588476553689,17735.84736842105,18869.5,288169,190,17,8.947368421052632,31,16.315789473684212
E06000004,Stockton-on-Tees,15303.282192910141,25.789575649216818,15477.158333333333,15861.5,194080,120,25,20.833333333333336,35,29.166666666666668
E06000021,Stoke-on-Trent,9047.951173007714,34.50353590523782,9350.433962264151,6066.0,251746,159,51,32.075471698113205,82,51.57232704402516
E07000221,Stratford-on-Avon,22833.247790718568,11.728325756709518,22825.0,23159.0,122438,73,0,0.0,0,0.0
E07000082,Stroud,24023.014164111875,10.796690376282392,24046.536231884056,25145.0,116774,69,0,0.0,0,0.0
E08000024,Sunderland,10851.074599097587,30.586176429575197,10915.983783783784,8771.0,276813,185,42,22.702702702702705,75,40.54054054054054
E07000214,Surrey Heath,26985.711447654376,8.065892043191825,27092.29090909091,29055.0,87887,55,0,0.0,0,0.0
E09000029,Sutton,21429.75190874068,13.986727422824837,21630.719008264463,23157.0,199870,121,1,0.8264462809917356,7,5.785123966942149
E07000113,Swale,12849.093042898106,27.07550628850467,12859.976470588235,12889.0,140892,85,16,18.823529411764707,22,25.882352941176475
E06000030,Swindon,18462.467488418268,18.62200292760497,18573.386363636364,20786.5,217584,132,12,9.090909090909092,20,15.151515151515152
E08000008,Tameside,10070.69622630436,31.373679364534755,10280.7304964539,8877.0,221507,141,29,20.56737588652482,60,42.5531914893617
E07000199,Tamworth,15900.015186491673,21.061077060745966,16091.078431372549,16342.0,77108,51,4,7.8431372549019605,10,19.607843137254903
E07000215,Tandridge,22817.36853132202,11.896133726750005,22664.54,24245.5,85914,50,0,0.0,0,0.0
E07000045,Teignbridge,19158.16852977861,15.892973082319926,19367.70238095238,19306.5,128280,84,0,0.0,3,3.571428571428571
E06000020,Telford and Wrekin,14261.466043791539,24.98797070079277,14165.611111111111,12646.5,171677,108,18,16.666666666666664,28,25.925925925925924
E07000076,Tendring,10761.880873122223,30.48435388250229,10884.359550561798,10809.0,141790,89,16,17.97752808988764,27,30.337078651685395
E07000093,Test Valley,22955.012764519743,11.930777943503196,23348.6338028169,22828.0,121352,71,0,0.0,1,1.4084507042253522
E07000083,Tewkesbury,22877.9670995073,12.14215585716259,22984.2,24687.0,86868,50,0,0.0,1,2.0
E07000114,Thanet,10859.903462974353,31.31361993820715,11175.214285714286,10752.5,139822,84,18,21.428571428571427,29,34.523809523809526
E07000102,Three Rivers,25102.802564353955,9.870606697386625,25161.66037735849,28666.0,91797,53,0,0.0,1,1.8867924528301887
E06000034,Thurrock,15469.309395326427,20.92765245723922,15783.948979591836,13697.5,166040,98,4,4.081632653061225,11,11.224489795918368
E07000115,Tonbridge and Malling,21839.394143696485,13.332679191279944,22026.444444444445,22360.5,125779,72,0,0.0,3,4.166666666666666
E06000027,Torbay,11756.180385825654,28.103792923290804,11887.651685393259,10261.0,133791,89,14,15.730337078651685,24,26.96629213483146
E07000046,Torridge,12758.041108698275,23.269302871275187,12907.837837837838,11962.0,66312,37,0,0.0,2,5.405405405405405
E09000030,Tower Hamlets,10337.951308248363,27.91269487251045,10369.3125,8648.0,293828,144,2,1.3888888888888888,46,31.944444444444443
E08000009,Trafford,20432.845644382443,16.087826389097543,20576.384057971016,22972.5,232975,138,7,5.072463768115942,12,8.695652173913043
E07000116,Tunbridge Wells,23549.860449361116,11.310038092787925,23489.735294117647,23824.0,116610,68,0,0.0,1,1.4705882352941175
E07000077,Uttlesford,25458.539592746904,9.257571703538524,25428.08695652174,25771.5,85205,46,0,0.0,0,0.0
E07000180,Vale of White Horse,26591.679335198445,8.357478219292839,26577.53947368421,27315.0,126534,76,0,0.0,1,1.3157894736842104
E08000036,Wakefield,12572.13801986381,27.306209266576193,12568.349282296651,10898.0,333068,209,33,15.789473684210526,71,33.97129186602871
E08000030,Walsall,10692.35923952443,31.55469743366681,11090.359281437126,6780.0,275880,167,44,26.34730538922156,83,49.700598802395206
E09000031,Waltham Forest,11658.356148239007,25.208961296186146,11735.375,11134.0,270671,144,3,2.083333333333333,23,15.972222222222221
E09000032,Wandsworth,18532.82183127527,16.611464694019013,18713.156424581004,18736.0,318827,179,0,0.0,8,4.4692737430167595
E06000007,Warrington,18567.07615781775,18.942242761520056,18533.787401574802,20932.0,206466,127,10,7.874015748031496,24,18.89763779527559
E07000222,Warwick,22984.176373179354,12.004755826427537,22966.837209302324,24560.5,138893,86,0,0.0,1,1.1627906976744187
E07000103,Watford,19579.85524349234,15.409594521941298,19584.33962264151,18834.0,96348,53,0,0.0,1,1.8867924528301887
E07000216,Waverley,27501.539476336777,7.494057761005072,27374.768292682926,28993.0,124011,82,0,0.0,0,0.0
E07000065,Wealden,22572.75077492187,12.311432049237835,22421.65263157895,23547.0,156790,95,0,0.0,4,4.2105263157894735
E07000156,Wellingborough,15787.927302874465,21.67634975452414,15679.234042553191,14050.0,77197,47,3,6.382978723404255,10,21.27659574468085
E07000241,Welwyn Hatfield,20641.870627589487,14.215473909868912,20902.4776119403,20388.0,117784,67,0,0.0,1,1.4925373134328357
E06000037,West Berkshire,24870.65913882891,9.952337654007367,24962.278350515466,25730.0,157460,97,0,0.0,1,1.0309278350515463
E07000047,West Devon,16574.902085457412,18.051853220873113,16630.387096774193,15226.0,53945,31,0,0.0,0,0.0
E07000127,West Lancashire,18773.669529346917,18.644482983944098,18716.657534246577,20421.0,112482,73,6,8.21917808219178,14,19.17808219178082
E07000142,West Lindsey,17120.027679166935,20.354826394715893,16899.673076923078,17303.5,92958,52,4,7.6923076923076925,9,17.307692307692307
E07000181,West Oxfordshire,26342.926065059066,8.684223913303686,26272.18181818182,27987.0,108609,66,0,0.0,0,0.0
E07000245,West Suffolk,18652.5106476362,16.245017892360835,18841.13,18507.5,175438,100,0,0.0,1,1.0
E09000033,Westminster,16271.178380739939,20.33903830756111,16194.96875,15874.0,238047,128,3,2.34375,18,14.0625
E08000010,Wigan,14244.564179605331,25.71312847728212,14322.76,13212.5,321839,200,33,16.5,65,32.5
E06000054,Wiltshire,21579.472512115408,13.446568566539963,21461.610526315788,22228.0,488015,285,1,0.3508771929824561,8,2.807017543859649
E07000094,Winchester,25258.394142493682,9.615210265868539,25221.614285714284,27548.0,121451,70,0,0.0,0,0.0
E06000040,Windsor and Maidenhead,26555.700344625264,8.375492315058978,26475.898876404495,29651.0,148277,89,0,0.0,0,0.0
E08000015,Wirral,13259.211843332298,29.58865857320485,13399.941747572815,12744.5,321700,206,52,25.24271844660194,72,34.95145631067961
E07000217,Woking,24250.272540009508,10.803590952305498,24528.852459016394,27122.0,100976,61,0,0.0,1,1.639344262295082
E06000041,Wokingham,29193.45968362283,5.845993461538462,29227.08080808081,30960.0,161200,99,0,0.0,0,0.0
E08000031,Wolverhampton,9570.049218756125,32.10214212131428,9920.006329113925,6650.0,255106,158,33,20.88607594936709,78,49.36708860759494
E07000237,Worcester,17587.10934297173,20.41448803287617,17165.25396825397,17994.0,100985,63,8,12.698412698412698,12,19.047619047619047
E07000229,Worthing,18562.53080708752,17.011700229910527,18834.66153846154,17980.0,108303,65,0,0.0,5,7.6923076923076925
E07000238,Wychavon,19344.57649477047,15.765628988187125,19422.641025641027,19592.0,121139,78,0,0.0,4,5.128205128205128
E07000007,Wycombe,24078.70855044528,10.742257016695932,24505.429906542056,26399.0,174833,107,0,0.0,0,0.0
E07000128,Wyre,17235.750360579117,20.857837629854124,16527.144927536232,18376.0,109546,69,10,14.492753623188406,12,17.391304347826086
E07000239,Wyre Forest,15357.932579644374,22.436670087049066,16033.63076923077,16341.0,99599,65,4,6.153846153846154,13,20.0
E06000014,York,23752.84341197575,11.72704673819513,23593.475,26576.5,205699,120,1,0.8333333333333334,6,5.0
